<?xml version="1.0"?>
<!DOCTYPE hibernate-mapping PUBLIC "-//Hibernate/Hibernate Mapping DTD 3.0//EN"
"http://hibernate.sourceforge.net/hibernate-mapping-3.0.dtd">
<!-- Generated Apr 28, 2016 9:10:31 AM by Hibernate Tools 3.4.0.CR1 -->
<hibernate-mapping>
    <class name="ba.unsa.etf.si.tim11.dbmodels.DokumentVerzijaDbModel" table="DOKUMENTVERZIJA">
        <id name="dokumentVerzijaId" type="long">
            <column name="DOKUMENTVERZIJAID" />
            <generator class="native" />
        </id>
        <property name="dokumentId" type="java.lang.Integer">
            <column name="DOKUMENTID" />
        </property>
        <property name="postavioKorisnikId" type="java.lang.Integer">
            <column name="POSTAVIOKORISNIKID" />
        </property>
        <property name="dokumentVerzijaStatusId" type="java.lang.Integer">
            <column name="DOKUMENTVERZIJASTATUSID" />
        </property>
        <property name="sadrzaj" type="binary">
            <column name="SADRZAJ" />
        </property>
        <property name="aktivan" type="java.lang.Boolean">
            <column name="AKTIVAN" />
        </property>
        <many-to-one name="dokument" insert="false" update="false" class="ba.unsa.etf.si.tim11.dbmodels.DokumentDbModel" fetch="join">
            <column name="DOKUMENTID"/>
        </many-to-one>
        <many-to-one name="postavioKorisnik" insert="false" update="false" class="ba.unsa.etf.si.tim11.dbmodels.KorisnikDbModel" fetch="join">
            <column name="POSTAVIOKORISNIKID"/>
        </many-to-one>
        <many-to-one name="dokumentVerzijaStatus" insert="false" update="false" class="ba.unsa.etf.si.tim11.dbmodels.DokumentVerzijaStatusDbModel" fetch="join">
            <column name="DOKUMENTVERZIJASTATUSID"/>
        </many-to-one>
    </class>
</hibernate-mapping>
