<?xml version="1.0"?>
<!DOCTYPE hibernate-mapping PUBLIC "-//Hibernate/Hibernate Mapping DTD 3.0//EN"
"http://hibernate.sourceforge.net/hibernate-mapping-3.0.dtd">
<!-- Generated Apr 28, 2016 9:10:31 AM by Hibernate Tools 3.4.0.CR1 -->
<hibernate-mapping>
    <class name="ba.unsa.etf.si.tim11.dbmodels.FolderXGrupaDbModel" table="FOLDERXGRUPA">
        <id name="folderXGrupaId" type="long">
            <column name="FOLDERXGRUPAID" />
            <generator class="native" />
        </id>
        <property name="grupaId" type="java.lang.Integer">
            <column name="GRUPAID" />    
        </property>
        <property name="folderId" type="java.lang.Integer">
            <column name="FOLDERID" />
        </property>
        <property name="pravoSkidanja" type="java.lang.Boolean">
            <column name="PRAVOSKIDANJA" />
        </property>
        <property name="pravoDodavanja" type="java.lang.Boolean">
            <column name="PRAVODODAVANJA" />
        </property>
        <property name="aktivan" type="java.lang.Boolean">
            <column name="AKTIVAN" />
        </property>
        
        <many-to-one name="grupa" insert="false" update="false" class="ba.unsa.etf.si.tim11.dbmodels.GrupaDbModel" fetch="join">
            <column name="GRUPAID"/>
        </many-to-one>
        <many-to-one name="folder" insert="false" update="false" class="ba.unsa.etf.si.tim11.dbmodels.FolderDbModel" fetch="join">
            <column name="FOLDERID"/>
        </many-to-one>
        
    </class>
</hibernate-mapping>
