<?xml version="1.0"?>
<!DOCTYPE hibernate-mapping PUBLIC "-//Hibernate/Hibernate Mapping DTD 3.0//EN"
"http://hibernate.sourceforge.net/hibernate-mapping-3.0.dtd">
<!-- Generated Apr 28, 2016 9:10:31 AM by Hibernate Tools 3.4.0.CR1 -->
<hibernate-mapping>
    <class name="ba.unsa.etf.si.tim11.dbmodels.FolderDbModel" table="FOLDER">
        <id name="folderId" type="long">
            <column name="FOLDERID" />
            <generator class="native" />
        </id>
        <property name="folderNaziv" type="java.lang.String">
            <column name="FOLDERNAZIV" />
        </property>
        <property name="kreiraoKorisnikId" type="java.lang.Integer">
            <column name="KREIRAOKORISNIKID" />
        </property>
        <property name="roditeljFolderId" type="java.lang.Integer">
            <column name="RODITELJFOLDERID" />
        </property>
        <property name="aktivan" type="java.lang.Boolean">
            <column name="AKTIVAN" />
        </property>
        <many-to-one name="kreiraoKorisnik" insert="false" update="false" class="ba.unsa.etf.si.tim11.dbmodels.KorisnikDbModel" fetch="join">
            <column name="kreiraoKorisnikID"/>
        </many-to-one>
        <many-to-one name="roditeljFolder" insert="false" update="false" class="ba.unsa.etf.si.tim11.dbmodels.FolderDbModel" fetch="join">
            <column name="roditeljFolderID"/>
        </many-to-one>
        
    </class>
</hibernate-mapping>
