<?xml version="1.0"?>
<!DOCTYPE hibernate-mapping PUBLIC "-//Hibernate/Hibernate Mapping DTD 3.0//EN"
"http://hibernate.sourceforge.net/hibernate-mapping-3.0.dtd">
<!-- Generated Apr 28, 2016 9:10:31 AM by Hibernate Tools 3.4.0.CR1 -->
<hibernate-mapping>
    <class name="ba.unsa.etf.si.tim11.dbmodels.GrupaDbModel" table="GRUPA">
        <id name="grupaId" type="long">
            <column name="GRUPAID" />
            <generator class="native" />
        </id>
        <property name="grupaNaziv" type="java.lang.String">
            <column name="GRUPANAZIV" />
        </property>
        <property name="odgovorniKorisnikId" type="java.lang.Integer">
            <column name="ODGOVORNIKORISNIKID" />
        </property>
        <property name="datumKreiranja" type="java.util.Date">
            <column name="DATUMKREIRANJA" />
        </property>
        <property name="aktivan" type="java.lang.Boolean">
            <column name="AKTIVAN" />
        </property>
         <many-to-one name="odgovorniKorisnik" insert="false" update="false" class="ba.unsa.etf.si.tim11.dbmodels.KorisnikDbModel" fetch="join">
            <column name="ODGOVORNIKORISNIKID"/>
        </many-to-one>
    </class>
</hibernate-mapping>
