<?xml version="1.0"?>
<!DOCTYPE hibernate-mapping PUBLIC "-//Hibernate/Hibernate Mapping DTD 3.0//EN"
"http://hibernate.sourceforge.net/hibernate-mapping-3.0.dtd">
<!-- Generated Apr 28, 2016 10:28:54 AM by Hibernate Tools 3.4.0.CR1 -->
<hibernate-mapping>
    <class name="ba.unsa.etf.si.tim11.dbmodels.GrupaXKorisnikDbModel" table="GRUPAXKORISNIK">
        <id name="grupaXKorisnikId" type="long">
            <column name="GRUPAXKORISNIKID" />
            <generator class="native" />
        </id>
        <property name="grupaId" type="java.lang.Integer">
            <column name="GRUPAID" />
        </property>
        <property name="korisnikId" type="java.lang.Integer">
            <column name="KORISNIKID" />
        </property>
        <property name="datumPristupa" type="java.util.Date">
            <column name="DATUMPRISTUPA" />
        </property>
        <property name="datumZadnjeIzmjene" type="java.util.Date">
            <column name="DATUMZADNJEIZMJENE" />
        </property>
        <property name="aktivan" type="java.lang.Boolean">
            <column name="AKTIVAN" />
        </property>
        
        <many-to-one name="grupa" insert="false" update="false" class="ba.unsa.etf.si.tim11.dbmodels.GrupaDbModel" fetch="join">
            <column name="GRUPAID"/>
        </many-to-one>
        <many-to-one name="korisnik" insert="false" update="false" class="ba.unsa.etf.si.tim11.dbmodels.KorisnikDbModel" fetch="join">
            <column name="KORISNIKID"/>
        </many-to-one>
    </class>
</hibernate-mapping>
