<?xml version="1.0"?>
<!DOCTYPE hibernate-mapping PUBLIC "-//Hibernate/Hibernate Mapping DTD 3.0//EN"
"http://hibernate.sourceforge.net/hibernate-mapping-3.0.dtd">
<!-- Generated Apr 28, 2016 9:10:31 AM by Hibernate Tools 3.4.0.CR1 -->
<hibernate-mapping>
    <class name="ba.unsa.etf.si.tim11.dbmodels.KomentarDbModel" table="KOMENTAR">
        <id name="komentarId" type="long">
            <column name="KOMENTARID" />
            <generator class="native" />
        </id>
        <property name="korisnikId" type="java.lang.Integer">
            <column name="KORISNIKID" />
        </property>
        <property name="dokumentVerzijaId" type="java.lang.Integer">
            <column name="DOKUMENTVERZIJAID" />
        </property>
        <property name="komentar" type="java.lang.String">
            <column name="KOMENTAR" />
        </property>
        <property name="datumVrijemeKomentara" type="java.util.Date">
            <column name="datumVrijemeKomentara" />
        </property>
        <property name="aktivan" type="java.lang.Boolean">
            <column name="AKTIVAN" />
        </property>
        
        <many-to-one name="korisnik" insert="false" update="false" class="ba.unsa.etf.si.tim11.dbmodels.KorisnikDbModel" fetch="join">
            <column name="KORISNIKID"/>
        </many-to-one>
        <many-to-one name="dokumentVerzija" insert="false" update="false" class="ba.unsa.etf.si.tim11.dbmodels.DokumentVerzijaDbModel" fetch="join">
            <column name="DOKUMENTVERZIJAID"/>
        </many-to-one>
    </class>
</hibernate-mapping>
