<?xml version="1.0"?>
<!DOCTYPE hibernate-mapping PUBLIC "-//Hibernate/Hibernate Mapping DTD 3.0//EN"
"http://hibernate.sourceforge.net/hibernate-mapping-3.0.dtd">
<!-- Generated May 2, 2016 7:58:15 PM by Hibernate Tools 3.4.0.CR1 -->
<hibernate-mapping>
    <class name="ba.unsa.etf.si.tim11.dbmodels.KorisnikDbModel" table="KORISNIK">
        <id name="korisnikID" type="long">
            <column name="KORISNIKID" />
            <generator class="native" />
        </id>
        <property name="ime" type="java.lang.String">
            <column name="IME" />
        </property>
        <property name="prezime" type="java.lang.String">
            <column name="PREZIME" />
        </property>
        <property name="adresa" type="java.lang.String">
            <column name="ADRESA" />
        </property>
        <property name="datumRodjenja" type="java.util.Date">
            <column name="DATUMRODJENJA" />
        </property>
        <property name="username" type="java.lang.String">
            <column name="USERNAME" />
        </property>
        <property name="password" type="java.lang.String">
            <column name="PASSWORD" />
        </property>
        <property name="korisnikTipId" type="java.lang.Integer">
            <column name="KORISNIKTIPID" />
        </property>
        <property name="korisnikPozicijaId" type="java.lang.Integer">
            <column name="KORISNIKPOZICIJAID" />
        </property>
        <property name="aktivan" type="java.lang.Boolean">
            <column name="AKTIVAN" />
        </property>
        <many-to-one name="korisnikTip" insert="false" update="false" class="ba.unsa.etf.si.tim11.dbmodels.KorisnikTipDbModel" fetch="join">
            <column name="KORISNIKTIPID"/>
        </many-to-one>
        <many-to-one name="korisnikPozicija" insert="false" update="false" class="ba.unsa.etf.si.tim11.dbmodels.KorisnikPozicijaDbModel" fetch="join">
            <column name="KORISNIKPOZICIJAID"  />
        </many-to-one>
    </class>
</hibernate-mapping>
