<?xml version="1.0"?>
<!DOCTYPE hibernate-mapping PUBLIC "-//Hibernate/Hibernate Mapping DTD 3.0//EN"
"http://hibernate.sourceforge.net/hibernate-mapping-3.0.dtd">
<!-- Generated May 2, 2016 7:58:15 PM by Hibernate Tools 3.4.0.CR1 -->
<hibernate-mapping>
    <class name="ba.unsa.etf.si.tim11.dbmodels.KorisnikPozicijaDbModel" table="KORISNIKPOZICIJA">
        <id name="korisnikPozicijaId" type="long">
            <column name="KORISNIKPOZICIJAID" />
            <generator class="native" />
        </id>
        <property name="korisnikPozicijaNaziv" type="java.lang.String">
            <column name="KORISNIKPOZICIJANAZIV" />
        </property>
        <property name="aktivan" type="java.lang.Boolean">
            <column name="AKTIVAN" />
        </property>
    </class>
</hibernate-mapping>
