<?xml version="1.0" encoding="UTF-8" standalone="no"?>
<project default="create_run_jar" name="Create Runnable Jar for Project DMS">
    <!--this file was created by Eclipse Runnable JAR Export Wizard-->
    <!--ANT 1.7 is required                                        -->
    <!--define folder properties-->
    <property name="dir.buildfile" value="."/>
    <property name="dir.workspace" value="C:/Users/muhamed_s/workspaceEclipse"/>
    <property name="dir.jarfile" value="C:/Users/muhamed_s/Documents/cs_primjer/si4"/>
    <target name="create_run_jar">
        <jar destfile="${dir.jarfile}/dms.jar" filesetmanifest="mergewithoutmain">
            <manifest>
                <attribute name="Main-Class" value="ba.unsa.etf.si.tim11.forms.LoginForma"/>
                <attribute name="Class-Path" value="."/>
            </manifest>
            <fileset dir="F:/Fakultet/SI/GIT REPOSITORY/SI2015Tim11/Implementacija/target/classes"/>
            <zipfileset excludes="META-INF/*.SF" src="C:/Users/muhamed_s/.p2/pool/plugins/org.junit_4.12.0.v201504281640/junit.jar"/>
            <zipfileset excludes="META-INF/*.SF" src="C:/Users/muhamed_s/.p2/pool/plugins/org.hamcrest.core_1.3.0.v201303031735.jar"/>
            <zipfileset excludes="META-INF/*.SF" src="C:/Users/muhamed_s/.m2/repository/com/google/code/maven-play-plugin/org/hibernate/hibernate-core/4.2.19.Final-patched-play-1.3.2/hibernate-core-4.2.19.Final-patched-play-1.3.2.jar"/>
            <zipfileset excludes="META-INF/*.SF" src="C:/Users/muhamed_s/.m2/repository/antlr/antlr/2.7.7/antlr-2.7.7.jar"/>
            <zipfileset excludes="META-INF/*.SF" src="C:/Users/muhamed_s/.m2/repository/org/jboss/logging/jboss-logging/3.1.0.GA/jboss-logging-3.1.0.GA.jar"/>
            <zipfileset excludes="META-INF/*.SF" src="C:/Users/muhamed_s/.m2/repository/dom4j/dom4j/1.6.1/dom4j-1.6.1.jar"/>
            <zipfileset excludes="META-INF/*.SF" src="C:/Users/muhamed_s/.m2/repository/org/javassist/javassist/3.18.1-GA/javassist-3.18.1-GA.jar"/>
            <zipfileset excludes="META-INF/*.SF" src="C:/Users/muhamed_s/.m2/repository/org/jboss/spec/javax/transaction/jboss-transaction-api_1.1_spec/1.0.1.Final/jboss-transaction-api_1.1_spec-1.0.1.Final.jar"/>
            <zipfileset excludes="META-INF/*.SF" src="C:/Users/muhamed_s/.m2/repository/org/hibernate/javax/persistence/hibernate-jpa-2.0-api/1.0.1.Final/hibernate-jpa-2.0-api-1.0.1.Final.jar"/>
            <zipfileset excludes="META-INF/*.SF" src="C:/Users/muhamed_s/.m2/repository/org/hibernate/common/hibernate-commons-annotations/4.0.2.Final/hibernate-commons-annotations-4.0.2.Final.jar"/>
            <zipfileset excludes="META-INF/*.SF" src="C:/Users/muhamed_s/.m2/repository/mysql/mysql-connector-java/5.1.38/mysql-connector-java-5.1.38.jar"/>
            <zipfileset excludes="META-INF/*.SF" src="C:/Users/muhamed_s/.m2/repository/net/sourceforge/jdatepicker/jdatepicker/1.3.2/jdatepicker-1.3.2.jar"/>
            <zipfileset excludes="META-INF/*.SF" src="C:/Users/muhamed_s/.m2/repository/com/toedter/jcalendar/1.4/jcalendar-1.4.jar"/>
            <zipfileset excludes="META-INF/*.SF" src="C:/Users/muhamed_s/.m2/repository/com/jgoodies/jgoodies-forms/1.8.0/jgoodies-forms-1.8.0.jar"/>
            <zipfileset excludes="META-INF/*.SF" src="C:/Users/muhamed_s/.m2/repository/com/jgoodies/jgoodies-common/1.8.0/jgoodies-common-1.8.0.jar"/>
            <zipfileset excludes="META-INF/*.SF" src="C:/Users/muhamed_s/.m2/repository/log4j/log4j/1.2.17/log4j-1.2.17.jar"/>
            <zipfileset excludes="META-INF/*.SF" src="C:/Users/muhamed_s/.m2/repository/org/slf4j/slf4j-jdk14/1.5.6/slf4j-jdk14-1.5.6.jar"/>
            <zipfileset excludes="META-INF/*.SF" src="C:/Users/muhamed_s/.m2/repository/org/slf4j/slf4j-api/1.5.6/slf4j-api-1.5.6.jar"/>
            <zipfileset excludes="META-INF/*.SF" src="C:/Users/muhamed_s/.m2/repository/org/jxls/jxls/2.3.0/jxls-2.3.0.jar"/>
            <zipfileset excludes="META-INF/*.SF" src="C:/Users/muhamed_s/.m2/repository/org/apache/commons/commons-jexl/2.1.1/commons-jexl-2.1.1.jar"/>
            <zipfileset excludes="META-INF/*.SF" src="C:/Users/muhamed_s/.m2/repository/commons-logging/commons-logging/1.1.1/commons-logging-1.1.1.jar"/>
            <zipfileset excludes="META-INF/*.SF" src="C:/Users/muhamed_s/.m2/repository/commons-beanutils/commons-beanutils/1.9.2/commons-beanutils-1.9.2.jar"/>
            <zipfileset excludes="META-INF/*.SF" src="C:/Users/muhamed_s/.m2/repository/commons-collections/commons-collections/3.2.1/commons-collections-3.2.1.jar"/>
            <zipfileset excludes="META-INF/*.SF" src="C:/Users/muhamed_s/.m2/repository/org/slf4j/jcl-over-slf4j/1.7.12/jcl-over-slf4j-1.7.12.jar"/>
            <zipfileset excludes="META-INF/*.SF" src="C:/Users/muhamed_s/.m2/repository/ch/qos/logback/logback-core/1.1.3/logback-core-1.1.3.jar"/>
            <zipfileset excludes="META-INF/*.SF" src="C:/Users/muhamed_s/.m2/repository/org/jxls/jxls-jexcel/1.0.6/jxls-jexcel-1.0.6.jar"/>
            <zipfileset excludes="META-INF/*.SF" src="C:/Users/muhamed_s/.m2/repository/net/sourceforge/jexcelapi/jxl/2.6.10/jxl-2.6.10.jar"/>
            <zipfileset excludes="META-INF/*.SF" src="C:/Users/muhamed_s/.m2/repository/org/jxls/jxls-poi/1.0.9/jxls-poi-1.0.9.jar"/>
            <zipfileset excludes="META-INF/*.SF" src="C:/Users/muhamed_s/.m2/repository/org/apache/poi/poi/3.12/poi-3.12.jar"/>
            <zipfileset excludes="META-INF/*.SF" src="C:/Users/muhamed_s/.m2/repository/commons-codec/commons-codec/1.9/commons-codec-1.9.jar"/>
            <zipfileset excludes="META-INF/*.SF" src="C:/Users/muhamed_s/.m2/repository/org/apache/poi/poi-ooxml/3.12/poi-ooxml-3.12.jar"/>
            <zipfileset excludes="META-INF/*.SF" src="C:/Users/muhamed_s/.m2/repository/org/apache/poi/poi-ooxml-schemas/3.12/poi-ooxml-schemas-3.12.jar"/>
            <zipfileset excludes="META-INF/*.SF" src="C:/Users/muhamed_s/.m2/repository/org/apache/xmlbeans/xmlbeans/2.6.0/xmlbeans-2.6.0.jar"/>
            <zipfileset excludes="META-INF/*.SF" src="C:/Users/muhamed_s/.m2/repository/stax/stax-api/1.0.1/stax-api-1.0.1.jar"/>
        </jar>
    </target>
</project>
