<?xml version="1.0"?>
<!DOCTYPE hibernate-mapping PUBLIC "-//Hibernate/Hibernate Mapping DTD 3.0//EN"
"http://hibernate.sourceforge.net/hibernate-mapping-3.0.dtd">
<!-- Generated Apr 28, 2016 9:10:31 AM by Hibernate Tools 3.4.0.CR1 -->
<hibernate-mapping>
    <class name="ba.unsa.etf.si.tim11.dbmodels.ZahtjevStatusDbModel" table="ZAHTJEVSTATUS">
        <id name="zahtjevStatusId" type="long">
            <column name="ZAHTJEVSTATUSID" />
            <generator class="native" />
        </id>
        <property name="zahtjevStatusNaziv" type="java.lang.String">
            <column name="ZAHTJEVSTATUSNAZIV" />
        </property>
        <property name="aktivan" type="java.lang.Boolean">
            <column name="AKTIVAN" />
        </property>
    </class>
</hibernate-mapping>
