<?xml version="1.0"?>
<!DOCTYPE hibernate-mapping PUBLIC "-//Hibernate/Hibernate Mapping DTD 3.0//EN"
"http://hibernate.sourceforge.net/hibernate-mapping-3.0.dtd">
<!-- Generated Apr 28, 2016 9:10:31 AM by Hibernate Tools 3.4.0.CR1 -->
<hibernate-mapping>
    <class name="ba.unsa.etf.si.tim11.dbmodels.ZahtjevTipDbModel" table="ZAHTJEVTIP">
        <id name="zahtjevTipId" type="long">
            <column name="ZAHTJEVTIPID" />
            <generator class="native" />
        </id>
        <property name="zahtjevTipNaziv" type="java.lang.String">
            <column name="ZAHTJEVTIPNAZIV" />
        </property>
        <property name="aktivan" type="java.lang.Boolean">
            <column name="AKTIVAN" />
        </property>
    </class>
</hibernate-mapping>
