<?xml version="1.0"?>
<!DOCTYPE hibernate-mapping PUBLIC "-//Hibernate/Hibernate Mapping DTD 3.0//EN"
"http://hibernate.sourceforge.net/hibernate-mapping-3.0.dtd">
<!-- Generated Apr 28, 2016 9:10:31 AM by Hibernate Tools 3.4.0.CR1 -->
<hibernate-mapping>
    <class name="ba.unsa.etf.si.tim11.dbmodels.ZahtjevDbModel" table="ZAHTJEV">
        <id name="zahtjevId" type="long">
            <column name="ZAHTJEVID" />
            <generator class="native" />
        </id>
        <property name="datumVrijemeKreiranja" type="java.util.Date">
            <column name="DATUMVRIJEMEKREIRANJA" />
        </property>
        <property name="kreiraoKorisnikId" type="java.lang.Integer">
            <column name="KREIRAOKORISNIKID" />
        </property>
        <property name="upucenoKorisnikId" type="java.lang.Integer">
            <column name="UPUCENOKORISNIKID" />
        </property>
        <property name="zahtjevTipId" type="java.lang.Integer">
            <column name="ZAHTJEVTIPID" />
        </property>
        <property name="zahtjevStatusId" type="java.lang.Integer">
            <column name="ZAHTJEVSTATUSID" />
        </property>
        <property name="dokumentVerzijaId" type="java.lang.Integer">
            <column name="DOKUMENTVERZIJAID" />
        </property>
        <property name="aktivan" type="java.lang.Boolean">
            <column name="AKTIVAN" />
        </property>
        
        <many-to-one name="kreiraoKorisnik" insert="false" update="false" class="ba.unsa.etf.si.tim11.dbmodels.KorisnikDbModel" fetch="join">
            <column name="KREIRAOKORISNIKID"/>
        </many-to-one>
        <many-to-one name="upucenoKorisnik" insert="false" update="false" class="ba.unsa.etf.si.tim11.dbmodels.KorisnikDbModel" fetch="join">
            <column name="UPUCENOKORISNIKID"/>
        </many-to-one>
        <many-to-one name="zahtjevTip" insert="false" update="false" class="ba.unsa.etf.si.tim11.dbmodels.ZahtjevTipDbModel" fetch="join">
            <column name="ZAHTJEVTIPID"/>
        </many-to-one>
        <many-to-one name="zahtjevStatus" insert="false" update="false" class="ba.unsa.etf.si.tim11.dbmodels.ZahtjevStatusDbModel" fetch="join">
            <column name="ZAHTJEVSTATUSID"/>
        </many-to-one>
        <many-to-one name="dokumentVerzija" insert="false" update="false" class="ba.unsa.etf.si.tim11.dbmodels.DokumentVerzijaDbModel" fetch="join">
            <column name="DOKUMENTVERZIJAID"/>
        </many-to-one>
    </class>
</hibernate-mapping>
